Fold,Validation Accuracy
1,0.9888682961463928
2,1.0
3,0.9944238066673279
4,0.9962825179100037
5,1.0
