Fold,Validation Accuracy
1,0.9962894320487976
2,0.9851577281951904
3,0.9944238066673279
4,1.0
5,1.0
