Fold,Validation Accuracy
1,0.9962894320487976
2,0.9461966753005981
3,0.9721189737319946
4,0.9907063245773315
5,1.0
