Fold,Validation Accuracy
1,0.994434118270874
2,0.9981446862220764
3,0.9944238066673279
4,0.9944238066673279
5,0.946096658706665
