Fold,Validation Accuracy
1,0.9962894320487976
2,0.9962894320487976
3,0.9851301312446594
4,0.9981412887573242
5,0.9925650358200073
